"asv_id","count","percent_match","kingdom","phylum","class","order","family","genus","species"
"ASV0222",430,97.143,"Metazoa","Arthropoda","Insecta","Coleoptera","Ptiliidae",NA,"Ptiliidae sp. BOLD-2016"
"ASV0171",567,96.1556666666667,"Metazoa","Arthropoda","Malacostraca","Isopoda","Armadillidae","Spherillo",NA
"ASV0068",1464,100,"Metazoa","Arthropoda","Insecta","Hemiptera","Miridae","Rubrocuneocoris","Rubrocuneocoris calvertae"
"ASV0045",2199,88.9462,"Metazoa","Arthropoda",NA,NA,NA,NA,NA
"ASV0097",1032,99.732,"Metazoa","Arthropoda","Collembola","Entomobryomorpha","Entomobryidae",NA,"Entomobryidae sp. sc_04935"
"ASV0029",3082,99.4283333333333,"Metazoa","Arthropoda","Insecta","Hemiptera","Aphididae","Nurudea",NA
"ASV0006",11830,99.9094444444444,"Metazoa","Arthropoda","Collembola","Entomobryomorpha","Entomobryidae",NA,NA
"ASV0225",416,99.6544444444444,"Metazoa","Arthropoda","Collembola","Entomobryomorpha","Entomobryidae",NA,NA
"ASV0180",535,99.3992222222222,"Metazoa","Arthropoda","Collembola","Entomobryomorpha","Entomobryidae",NA,NA
"ASV0104",977,92.157,"Metazoa","Arthropoda","Arachnida","Sarcoptiformes",NA,NA,NA
"ASV0049",2078,91.667,"Metazoa","Arthropoda","Insecta","Diptera",NA,NA,NA
"ASV0020",3937,100,"Metazoa","Arthropoda","Insecta","Hymenoptera","Formicidae","Solenopsis","Solenopsis mameti"
"ASV0137",727,88.667,"Metazoa","Arthropoda",NA,NA,NA,NA,NA
"ASV0001",43976,94.1222857142857,"Metazoa","Arthropoda","Insecta","Coleoptera",NA,NA,NA
"ASV0005",13917,100,"Metazoa","Arthropoda","Insecta","Psocoptera","Amphientomidae",NA,"Amphientomidae sp."
"ASV0210",463,99.755,"Metazoa","Arthropoda","Insecta","Coleoptera","Curculionidae","Hypothenemus","Hypothenemus sp."
"ASV0370",240,89.655,"Metazoa","Arthropoda","Insecta",NA,NA,NA,NA
"ASV0278",325,88.489,"Metazoa","Arthropoda",NA,NA,NA,NA,NA
"ASV0383",234,87.77,"Metazoa","Arthropoda",NA,NA,NA,NA,NA
"ASV0347",258,99.755,"Metazoa","Arthropoda","Insecta","Diptera","Culicidae","Wyeomyia",NA
"ASV0376",238,95.556,"Metazoa","Arthropoda","Insecta","Diptera","Cecidomyiidae",NA,NA
"ASV0411",213,90.8085,"Metazoa","Arthropoda","Insecta",NA,NA,NA,NA
"ASV0422",207,100,"Metazoa","Arthropoda","Arachnida","Trombidiformes","Eriophyidae","Tegolophus","Tegolophus oblatus"
"ASV0404",222,89.706,"Metazoa","Arthropoda","Malacostraca",NA,NA,NA,NA
"ASV0262",357,97.414,"Metazoa","Arthropoda","Arachnida","Trombidiformes","Tenuipalpidae","Brevipalpus","Brevipalpus papayensis"
"ASV0429",204,99.8663333333333,"Metazoa","Arthropoda","Malacostraca","Isopoda","Philosciidae","Burmoniscus","Burmoniscus dasystylus"
"ASV0290",311,91.198,"Metazoa","Arthropoda","Insecta","Orthoptera",NA,NA,NA
"ASV0460",193,88.095,"Metazoa","Arthropoda",NA,NA,NA,NA,NA
"ASV0317",285,87.5575,"Metazoa","Arthropoda",NA,NA,NA,NA,NA
"ASV0474",189,87.755,"Metazoa","Arthropoda",NA,NA,NA,NA,NA
"ASV0275",328,87.421,"Metazoa","Arthropoda",NA,NA,NA,NA,NA
"ASV0288",316,87.931,"Metazoa","Arthropoda",NA,NA,NA,NA,NA
"ASV0726",108,93.333,"Metazoa","Arthropoda","Malacostraca","Decapoda","Coenobitidae",NA,NA
"ASV0655",126,89.773,"Metazoa","Arthropoda","Insecta",NA,NA,NA,NA
"ASV0690",117,91.538,"Metazoa","Arthropoda","Insecta","Coleoptera",NA,NA,NA
"ASV0720",109,100,"Metazoa","Arthropoda","Insecta","Blattodea","Termitidae","Patawatermes","Patawatermes sp. A TB-2017"
"ASV0530",166,100,"Metazoa","Arthropoda","Arachnida","Araneae",NA,NA,NA
"ASV0714",111,88.141,"Metazoa","Arthropoda",NA,NA,NA,NA,NA
"ASV0562",152,87.918,"Metazoa","Arthropoda",NA,NA,NA,NA,NA
"ASV0689",117,100,"Metazoa","Arthropoda","Arachnida","Sarcoptiformes","Scheloribatidae","Scheloribates",NA
"ASV0725",108,87.255,"Metazoa","Arthropoda",NA,NA,NA,NA,NA
"ASV0605",138,99.317,"Metazoa","Arthropoda","Arachnida","Trombidiformes","Eriophyidae","Acalitus","Acalitus vaccinii"
"ASV0532",164,88.3705,"Metazoa","Arthropoda",NA,NA,NA,NA,NA
"ASV0567",151,88.535,"Metazoa","Arthropoda",NA,NA,NA,NA,NA
"ASV0956",76,88.764,"Metazoa","Arthropoda",NA,NA,NA,NA,NA
"ASV0990",73,97.0081428571429,"Metazoa","Arthropoda","Insecta","Coleoptera","Cerambycidae","Pachyta","Pachyta quadrimaculata"
"ASV1070",65,92.157,"Metazoa","Arthropoda","Insecta","Lepidoptera",NA,NA,NA
"ASV0905",81,100,"Metazoa","Arthropoda","Insecta","Hemiptera","Pseudococcidae","Planococcus","Planococcus lilacinus"
"ASV1084",65,90.278,"Metazoa","Arthropoda","Arachnida",NA,NA,NA,NA
"ASV1042",69,88.732,"Metazoa","Arthropoda",NA,NA,NA,NA,NA
"ASV0934",78,87.5,"Metazoa","Arthropoda",NA,NA,NA,NA,NA
"ASV0991",73,90.686,"Metazoa","Arthropoda","Collembola",NA,NA,NA,NA
"ASV0876",85,90.2075555555556,"Metazoa","Arthropoda",NA,NA,NA,NA,NA
"ASV0872",85,92.188,"Metazoa","Arthropoda","Malacostraca","Decapoda",NA,NA,NA
"ASV0803",97,90.566,"Metazoa","Arthropoda","Insecta",NA,NA,NA,NA
"ASV0895",83,87.097,"Metazoa","Arthropoda",NA,NA,NA,NA,NA
"ASV0815",95,99.265,"Metazoa","Arthropoda","Insecta","Lepidoptera","Cosmopterigidae","Hyposmocoma","Hyposmocoma saccophora"
"ASV1033",69,90.698,"Metazoa","Arthropoda","Insecta",NA,NA,NA,NA
"ASV0790",99,91.832,"Metazoa","Arthropoda","Arachnida","Trombidiformes",NA,NA,NA
"ASV0804",97,87.6353333333333,"Metazoa","Arthropoda",NA,NA,NA,NA,NA
"ASV0891",83,87.143,"Metazoa","Arthropoda",NA,NA,NA,NA,NA
"ASV0875",85,87.903,"Metazoa","Arthropoda",NA,NA,NA,NA,NA
"ASV1150",61,93.478,"Metazoa","Arthropoda","Malacostraca","Isopoda","Armadillidae",NA,NA
"ASV1108",63,87.143,"Metazoa","Arthropoda",NA,NA,NA,NA,NA
"ASV1094",64,92.857,"Metazoa","Arthropoda","Insecta","Coleoptera",NA,NA,NA
"ASV1125",63,100,"Metazoa","Arthropoda","Insecta","Coleoptera","Apionidae","Hemitrichapion","Hemitrichapion reflexum"
"ASV1323",52,89.292,"Metazoa","Arthropoda","Arachnida",NA,NA,NA,NA
"ASV1242",56,90.196,"Metazoa","Arthropoda","Collembola",NA,NA,NA,NA
"ASV1195",58,92.105,"Metazoa","Arthropoda","Insecta","Hemiptera",NA,NA,NA
"ASV1183",59,98.039,"Metazoa","Arthropoda","Malacostraca","Isopoda","Armadillidae","Troglarmadillo","Troglarmadillo sp. WAM-TRGL001"
"ASV1190",59,99.8775,"Metazoa","Arthropoda","Insecta","Hymenoptera","Apidae","Apis","Apis mellifera"
"ASV1266",54,87.143,"Metazoa","Arthropoda",NA,NA,NA,NA,NA
"ASV1235",56,99.265,"Metazoa","Arthropoda","Branchiopoda","Diplostraca","Macrotrichidae","Macrothrix","Macrothrix sp. HE-364"
"ASV1253",55,89.535,"Metazoa","Arthropoda","Insecta",NA,NA,NA,NA
"ASV1211",58,100,"Metazoa","Arthropoda","Arachnida","Pseudoscorpiones","Chthoniidae","Apochthonius","Apochthonius sp."
"ASV1282",54,100,"Metazoa","Arthropoda","Insecta","Ephemeroptera","Baetidae","Baetis","Baetis tricaudatus"
"ASV1256",55,88.889,"Metazoa","Arthropoda",NA,NA,NA,NA,NA
"ASV1145",61,97.297,"Metazoa","Arthropoda","Malacostraca","Tanaidacea","Pagurapseudidae","Indoapseudes","Indoapseudes bamberi"
"ASV1129",62,87.5,"Metazoa","Arthropoda",NA,NA,NA,NA,NA
"ASV1567",43,88.618,"Metazoa","Arthropoda",NA,NA,NA,NA,NA
"ASV1629",41,93.878,"Metazoa","Arthropoda","Insecta","Trichoptera","Lepidostomatidae",NA,NA
"ASV1449",47,99.464,"Metazoa","Arthropoda","Collembola","Entomobryomorpha","Entomobryidae",NA,"Entomobryidae sp. sc_04935"
"ASV1395",49,93.878,"Metazoa","Arthropoda","Arachnida","Sarcoptiformes","Acaridae",NA,NA
"ASV1463",46,100,"Metazoa","Arthropoda","Insecta","Diptera","Streblidae","Brachytarsina","Brachytarsina sp. E GC-2023a"
"ASV1492",45,89.655,"Metazoa","Arthropoda","Insecta",NA,NA,NA,NA
"ASV1443",47,87.931,"Metazoa","Arthropoda",NA,NA,NA,NA,NA
"ASV1414",48,93.312,"Metazoa","Arthropoda","Malacostraca","Cumacea","Nannastacidae",NA,NA
"ASV1477",46,92.994,"Metazoa","Arthropoda","Malacostraca","Cumacea",NA,NA,NA
"ASV1400",49,95.122,"Metazoa","Arthropoda","Insecta","Hemiptera","Aleyrodidae","Pealius",NA
"ASV1625",41,90.7463,"Metazoa","Arthropoda","Insecta",NA,NA,NA,NA
"ASV1357",51,87.838,"Metazoa","Arthropoda",NA,NA,NA,NA,NA
"ASV1366",50,100,"Metazoa","Arthropoda","Arachnida","Opiliones","Paranonychidae","Sclerobunus","Sclerobunus robustus"
"ASV1389",49,89.147,"Metazoa","Arthropoda","Insecta",NA,NA,NA,NA
"ASV1720",38,87.692,"Metazoa","Arthropoda",NA,NA,NA,NA,NA
"ASV1846",35,93.478,"Metazoa","Arthropoda","Insecta","Hymenoptera","Mutillidae",NA,NA
"ASV1698",39,100,"Metazoa","Arthropoda","Insecta","Hymenoptera","Diapriidae",NA,"Diapriidae sp. BOLD-2016"
"ASV1779",36,93.878,"Metazoa","Arthropoda","Insecta","Hymenoptera","Crabronidae",NA,NA
"ASV1715",38,98.039,"Metazoa","Arthropoda","Insecta","Diptera","Ceratopogonidae",NA,"Ceratopogonidae sp. sc_07781"
"ASV1729",38,99.718,"Metazoa","Arthropoda","Insecta","Coleoptera","Staphylinidae",NA,"Staphylinidae sp. sc_03851"
"ASV1913",33,100,"Metazoa","Arthropoda","Insecta","Blattodea","Termitidae","Patawatermes","Patawatermes sp. A TB-2017"
"ASV1726",38,87.79775,"Metazoa","Arthropoda",NA,NA,NA,NA,NA
"ASV1736",37,91.304,"Metazoa","Arthropoda","Insecta","Diptera",NA,NA,NA
"ASV1844",35,88.4415,"Metazoa","Arthropoda",NA,NA,NA,NA,NA
"ASV1900",33,89.7205,"Metazoa","Arthropoda","Arachnida",NA,NA,NA,NA
"ASV1782",36,91.045,"Metazoa","Arthropoda","Insecta","Hymenoptera",NA,NA,NA
"ASV1820",35,87.578,"Metazoa","Arthropoda",NA,NA,NA,NA,NA
"ASV1722",38,88.372,"Metazoa","Arthropoda",NA,NA,NA,NA,NA
"ASV1892",34,87.1323333333333,"Metazoa","Arthropoda",NA,NA,NA,NA,NA
"ASV1759",37,90.686,"Metazoa","Arthropoda","Collembola",NA,NA,NA,NA
"ASV1918",33,90.8297777777778,"Metazoa","Arthropoda",NA,NA,NA,NA,NA
"ASV1650",40,92.105,"Metazoa","Arthropoda","Insecta","Hemiptera",NA,NA,NA
"ASV1656",40,88,"Metazoa","Arthropoda",NA,NA,NA,NA,NA
"ASV1915",33,88.393,"Metazoa","Arthropoda",NA,NA,NA,NA,NA
"ASV1821",35,88.06,"Metazoa","Arthropoda",NA,NA,NA,NA,NA
"ASV1776",36,92.958,"Metazoa","Arthropoda","Arachnida","Scorpiones",NA,NA,NA
"ASV1692",39,90.476,"Metazoa","Arthropoda","Arachnida",NA,NA,NA,NA
"ASV1764",37,87.224,"Metazoa","Arthropoda",NA,NA,NA,NA,NA
"ASV1676",39,88.387,"Metazoa","Arthropoda",NA,NA,NA,NA,NA
"ASV1871",34,89.431,"Metazoa","Arthropoda","Insecta",NA,NA,NA,NA
"ASV1929",33,87.324,"Metazoa","Arthropoda",NA,NA,NA,NA,NA
"ASV1748",37,90.909,"Metazoa","Arthropoda","Insecta",NA,NA,NA,NA
"ASV2204",28,100,"Metazoa","Arthropoda","Insecta","Coleoptera","Nitidulidae",NA,"Nitidulidae sp. BOLD:AAU6932"
"ASV1962",32,87.619,"Metazoa","Arthropoda",NA,NA,NA,NA,NA
"ASV2085",30,90.278,"Metazoa","Arthropoda","Diplopoda",NA,NA,NA,NA
"ASV2102",30,87.097,"Metazoa","Arthropoda",NA,NA,NA,NA,NA
"ASV1996",31,89.604,"Metazoa","Arthropoda","Arachnida",NA,NA,NA,NA
"ASV1950",32,87.01,"Metazoa","Arthropoda",NA,NA,NA,NA,NA
"ASV2123",29,89.394,"Metazoa","Arthropoda","Arachnida",NA,NA,NA,NA
"ASV2193",28,88.462,"Metazoa","Arthropoda",NA,NA,NA,NA,NA
"ASV2172",28,100,"Metazoa","Arthropoda",NA,NA,NA,NA,NA
"ASV2079",30,95.238,"Metazoa","Arthropoda","Insecta","Coleoptera","Endomychidae","Bystus",NA
"ASV2068",30,95.455,"Metazoa","Arthropoda","Insecta","Lepidoptera",NA,NA,NA
"ASV2158",29,91.489,"Metazoa","Arthropoda","Malacostraca","Decapoda",NA,NA,NA
"ASV1998",31,87.805,"Metazoa","Arthropoda",NA,NA,NA,NA,NA
"ASV2073",30,87.143,"Metazoa","Arthropoda",NA,NA,NA,NA,NA
"ASV2254",27,95.122,"Metazoa","Arthropoda","Insecta","Lepidoptera","Cosmopterigidae","Hyposmocoma",NA
"ASV2444",25,100,"Metazoa","Arthropoda",NA,NA,NA,NA,NA
"ASV2369",26,96.078,"Metazoa","Arthropoda","Arachnida","Opiliones","Triaenonychidae","Nuncia",NA
"ASV2487",24,87.209,"Metazoa","Arthropoda",NA,NA,NA,NA,NA
"ASV2330",26,100,"Metazoa","Arthropoda",NA,NA,NA,NA,NA
"ASV2244",28,100,"Metazoa","Arthropoda","Insecta","Hemiptera","Aradidae","Brachyrhynchus","Brachyrhynchus membranaceus"
"ASV2480",24,87.059,"Metazoa","Arthropoda",NA,NA,NA,NA,NA
"ASV2285",27,88.295,"Metazoa","Arthropoda",NA,NA,NA,NA,NA
"ASV2333",26,95.745,"Metazoa","Arthropoda","Insecta","Mantodea","Gonypetidae","Theopompa",NA
"ASV2504",24,87.0893333333333,"Metazoa","Arthropoda",NA,NA,NA,NA,NA
"ASV2359",26,87.5,"Metazoa","Arthropoda",NA,NA,NA,NA,NA
"ASV2422",25,90.2181111111111,"Metazoa","Arthropoda",NA,NA,NA,NA,NA
"ASV2346",26,100,"Metazoa","Arthropoda","Insecta","Phasmatodea","Timematidae","Timema","Timema bartmani"
"ASV2292",27,87.037,"Metazoa","Arthropoda",NA,NA,NA,NA,NA
"ASV2316",27,92.188,"Metazoa","Arthropoda","Malacostraca","Decapoda",NA,NA,NA
"ASV2513",24,87.129,"Metazoa","Arthropoda",NA,NA,NA,NA,NA
"ASV2429",25,89.247,"Metazoa","Arthropoda","Insecta",NA,NA,NA,NA
"ASV2419",25,87.705,"Metazoa","Arthropoda",NA,NA,NA,NA,NA
"ASV2460",25,93.333,"Metazoa","Arthropoda","Arachnida","Araneae","Theraphosidae",NA,NA
"ASV2500",24,91.7485,"Metazoa","Arthropoda","Hexanauplia","Cyclopoida",NA,NA,NA
"ASV2532",24,100,"Metazoa","Arthropoda","Arachnida","Araneae","Sicariidae","Loxosceles","Loxosceles sp. Gran Canaria 2"
"ASV2534",24,87.6353333333333,"Metazoa","Arthropoda",NA,NA,NA,NA,NA
"ASV2300",27,91.257,"Metazoa","Arthropoda",NA,NA,NA,NA,NA
"ASV2324",26,87.342,"Metazoa","Arthropoda",NA,NA,NA,NA,NA
"ASV2544",24,90.698,"Metazoa","Arthropoda","Insecta",NA,NA,NA,NA
"ASV2800",21,99.5998,"Metazoa","Arthropoda","Insecta","Diptera","Chironomidae","Corynoneura","Corynoneura sp. BOLD-2016"
"ASV2751",21,91.071,"Metazoa","Arthropoda","Insecta","Lepidoptera",NA,NA,NA
"ASV2589",23,97.115,"Metazoa","Arthropoda","Insecta","Hymenoptera",NA,NA,NA
"ASV2816",21,99.93,"Metazoa","Arthropoda","Diplopoda","Spirobolida","Spirobolellidae","Paraspirobolus","Paraspirobolus lucifugus"
"ASV2778",21,100,"Metazoa","Arthropoda","Malacostraca","Amphipoda","Aoridae","Microdeutopus","Microdeutopus sp. SFC34-003"
"ASV2781",21,89.0875,"Metazoa","Arthropoda","Insecta",NA,NA,NA,NA
"ASV2835",21,87.603,"Metazoa","Arthropoda",NA,NA,NA,NA,NA
"ASV2837",21,100,"Metazoa","Arthropoda","Arachnida","Araneae","Salticidae","Gedea","Gedea cf. tibialis UBC SEM M.Bodner MRB090"
"ASV2829",21,90.954,"Metazoa","Arthropoda","Insecta",NA,NA,NA,NA
"ASV2820",21,100,"Metazoa","Arthropoda","Insecta","Diptera","Ceratopogonidae",NA,"Ceratopogonidae sp."
"ASV2767",21,100,"Metazoa","Arthropoda","Insecta","Diptera","Sciaridae",NA,"Sciaridae sp."
"ASV2579",23,89.362,"Metazoa","Arthropoda","Insecta",NA,NA,NA,NA
"ASV2737",22,89.535,"Metazoa","Arthropoda","Arachnida",NA,NA,NA,NA
"ASV2941",20,100,"Metazoa","Arthropoda","Insecta","Thysanoptera","Phlaeothripidae","Holothrips","Holothrips sp. TH93"
"ASV3092",19,97.2448333333333,"Metazoa","Arthropoda","Insecta","Diptera","Chironomidae","Polypedilum","Polypedilum convictum"
"ASV3024",19,88.8875,"Metazoa","Arthropoda",NA,NA,NA,NA,NA
"ASV2918",20,90.805,"Metazoa","Arthropoda","Insecta",NA,NA,NA,NA
"ASV2981",19,87.179,"Metazoa","Arthropoda",NA,NA,NA,NA,NA
"ASV2912",20,90.769,"Metazoa","Arthropoda","Insecta",NA,NA,NA,NA
"ASV3119",18,88.50275,"Metazoa","Arthropoda",NA,NA,NA,NA,NA
"ASV2938",20,88.90275,"Metazoa","Arthropoda",NA,NA,NA,NA,NA
"ASV2943",20,90.411,"Metazoa","Arthropoda","Arachnida",NA,NA,NA,NA
"ASV2875",20,98.0828571428572,"Metazoa","Arthropoda","Insecta","Diptera","Sciaridae",NA,NA
"ASV2847",21,90.873,"Metazoa","Arthropoda",NA,NA,NA,NA,NA
"ASV3019",19,89.583,"Metazoa","Arthropoda","Insecta",NA,NA,NA,NA
"ASV3017",19,90.909,"Metazoa","Arthropoda","Insecta",NA,NA,NA,NA
"ASV3385",17,100,"Metazoa","Arthropoda","Insecta","Ephemeroptera","Baetidae","Labiobaetis","Labiobaetis kui"
"ASV3389",16,89.412,"Metazoa","Arthropoda","Insecta",NA,NA,NA,NA
"ASV3307",17,88.7335,"Metazoa","Arthropoda",NA,NA,NA,NA,NA
"ASV3400",16,100,"Metazoa","Arthropoda","Insecta","Hymenoptera","Braconidae","Allobracon","Allobracon sp."
"ASV3178",18,99.568,"Metazoa","Arthropoda","Insecta","Psocoptera","Peripsocidae","Peripsocus",NA
"ASV3248",17,92.063,"Metazoa","Arthropoda","Ostracoda","Podocopida",NA,NA,NA
"ASV3354",17,100,"Metazoa","Arthropoda","Malacostraca","Decapoda","Alpheidae","Synalpheus","Synalpheus digueti complex sp. D KMH-2014"
"ASV3195",18,100,"Metazoa","Arthropoda","Insecta","Diptera","Stratiomyidae","Raphiocera","Raphiocera ornata"
"ASV3347",17,97.727,"Metazoa","Arthropoda","Insecta","Lepidoptera","Erebidae","Arachnis",NA
"ASV3208",18,89.231,"Metazoa","Arthropoda","Arachnida",NA,NA,NA,NA
"ASV3380",17,94.34,"Metazoa","Arthropoda","Insecta","Lepidoptera","Depressariidae",NA,NA
"ASV3171",18,97.059,"Metazoa","Arthropoda","Insecta","Diptera","Agromyzidae",NA,"Agromyzidae sp. BBDCN049-10"
"ASV3280",17,87.421,"Metazoa","Arthropoda",NA,NA,NA,NA,NA
"ASV3381",17,94.34,"Metazoa","Arthropoda","Thecostraca","Balanomorpha","Balanidae",NA,NA
"ASV3638",15,99.8705,"Metazoa","Arthropoda","Insecta","Coleoptera","Curculionidae","Xyleborus",NA
"ASV3511",16,96.875,"Metazoa","Arthropoda","Insecta","Coleoptera","Scarabaeidae","Temnoplectron",NA
"ASV3443",16,87.7846,"Metazoa","Arthropoda",NA,NA,NA,NA,NA
"ASV3442",16,90.805,"Metazoa","Arthropoda","Insecta",NA,NA,NA,NA
"ASV3580",15,99.0935,"Metazoa","Arthropoda","Insecta","Diptera","Drosophilidae",NA,NA
"ASV3593",15,95.652,"Metazoa","Arthropoda","Insecta","Coleoptera","Curculionidae","Magdalis",NA
"ASV3653",15,87.654,"Metazoa","Arthropoda",NA,NA,NA,NA,NA
"ASV3567",15,97.143,"Metazoa","Arthropoda",NA,"Diplura","Japygidae",NA,"Japygidae sp."
"ASV3649",15,100,"Metazoa","Arthropoda","Malacostraca","Decapoda","Astacidae","Astacus","Astacus colchicus"
"ASV3619",15,90.2181111111111,"Metazoa","Arthropoda",NA,NA,NA,NA,NA
"ASV3509",16,100,"Metazoa","Arthropoda","Insecta","Thysanoptera","Thripidae","Frankliniella","Frankliniella invasor"
"ASV3674",15,100,"Metazoa","Arthropoda","Arachnida","Ixodida","Ixodidae","Dermacentor","Dermacentor albipictus"
"ASV3477",16,100,"Metazoa","Arthropoda","Thecostraca","Balanomorpha","Tetraclitidae","Tetraclita","Tetraclita serrata"
"ASV3574",15,89.404,"Metazoa","Arthropoda","Insecta",NA,NA,NA,NA
"ASV3755",14,93.75,"Metazoa","Arthropoda",NA,NA,NA,NA,NA
"ASV3949",13,88.991,"Metazoa","Arthropoda",NA,NA,NA,NA,NA
"ASV3697",15,87.179,"Metazoa","Arthropoda",NA,NA,NA,NA,NA
"ASV3752",14,96.226,"Metazoa","Arthropoda","Insecta","Diptera","Cecidomyiidae",NA,NA
"ASV3879",14,99.6544444444444,"Metazoa","Arthropoda","Collembola","Entomobryomorpha","Entomobryidae",NA,NA
"ASV3699",15,97.143,"Metazoa","Arthropoda",NA,NA,NA,NA,NA
"ASV3817",14,91.453,"Metazoa","Arthropoda","Insecta","Lepidoptera",NA,NA,NA
"ASV3763",14,96.97,"Metazoa","Arthropoda","Arachnida","Sarcoptiformes","Carabodidae",NA,NA
"ASV3737",14,92.647,"Metazoa","Arthropoda","Insecta","Diptera",NA,NA,NA
"ASV3909",14,93.713,"Metazoa","Arthropoda","Arachnida",NA,NA,NA,NA
"ASV3721",15,99.755,"Metazoa","Arthropoda","Collembola","Poduromorpha","Neanuridae","Vitronura","Vitronura macgillivrayi"
"ASV3710",15,100,"Metazoa","Arthropoda","Arachnida","Araneae","Pholcidae","Physocyclus","Physocyclus validus"
"ASV3777",14,87.805,"Metazoa","Arthropoda",NA,NA,NA,NA,NA
"ASV3845",14,95.745,"Metazoa","Arthropoda","Collembola","Poduromorpha","Neanuridae",NA,NA
"ASV3860",14,90.2434,"Metazoa","Arthropoda",NA,NA,NA,NA,NA
"ASV4179",13,99.9183333333333,"Metazoa","Arthropoda","Insecta","Lepidoptera","Noctuidae",NA,NA
"ASV4240",12,87.218,"Metazoa","Arthropoda",NA,NA,NA,NA,NA
"ASV4011",13,100,"Metazoa","Arthropoda","Insecta","Ephemeroptera","Ephemerellidae","Serratella",NA
"ASV4046",13,96.8076666666667,"Metazoa","Arthropoda",NA,NA,NA,NA,NA
"ASV4092",13,92.857,"Metazoa","Arthropoda","Arachnida","Sarcoptiformes",NA,NA,NA
"ASV4145",13,94.595,"Metazoa","Arthropoda","Malacostraca","Amphipoda","Gammaridae",NA,NA
"ASV4183",13,90.3436666666667,"Metazoa","Arthropoda","Insecta",NA,NA,NA,NA
"ASV4264",12,89.362,"Metazoa","Arthropoda","Insecta",NA,NA,NA,NA
"ASV4015",13,90.909,"Metazoa","Arthropoda","Insecta",NA,NA,NA,NA
"ASV4174",13,93.478,"Metazoa","Arthropoda","Arachnida","Araneae","Theridiidae",NA,NA
"ASV4168",13,96.97,"Metazoa","Arthropoda","Insecta","Plecoptera","Chloroperlidae","Sweltsa",NA
"ASV4176",13,100,"Metazoa","Arthropoda","Insecta","Hemiptera","Aleyrodidae","Bemisia","Bemisia euphorbiae"
"ASV4352",12,90.152,"Metazoa","Arthropoda","Insecta",NA,NA,NA,NA
"ASV4581",11,100,"Metazoa","Arthropoda","Insecta","Orthoptera","Tettigoniidae",NA,"Tettigoniidae sp. sc_02543"
"ASV4293",12,90.769,"Metazoa","Arthropoda","Insecta",NA,NA,NA,NA
"ASV4543",11,87.218,"Metazoa","Arthropoda",NA,NA,NA,NA,NA
"ASV4603",11,87.218,"Metazoa","Arthropoda",NA,NA,NA,NA,NA
"ASV4407",12,88.141,"Metazoa","Arthropoda",NA,NA,NA,NA,NA
"ASV4432",12,93.75,"Metazoa","Arthropoda","Malacostraca","Amphipoda","Gammaridae",NA,NA
"ASV4556",11,88.636,"Metazoa","Arthropoda",NA,NA,NA,NA,NA
"ASV4428",12,87.1323333333333,"Metazoa","Arthropoda",NA,NA,NA,NA,NA
"ASV4499",11,90.196,"Metazoa","Arthropoda","Arachnida",NA,NA,NA,NA
"ASV4480",11,91.935,"Metazoa","Arthropoda","Insecta","Lepidoptera",NA,NA,NA
"ASV4560",11,91.489,"Metazoa","Arthropoda","Insecta","Diptera",NA,NA,NA
"ASV4548",11,90.217,"Metazoa","Arthropoda","Arachnida",NA,NA,NA,NA
"ASV4869",10,100,"Metazoa","Arthropoda","Insecta","Hymenoptera","Braconidae",NA,"Doryctinae sp. BOLD-2016"
"ASV4671",11,92.593,"Metazoa","Arthropoda","Insecta","Lepidoptera",NA,NA,NA
"ASV4812",10,100,"Metazoa","Arthropoda",NA,NA,NA,NA,NA
"ASV4855",10,89.4705,"Metazoa","Arthropoda",NA,NA,NA,NA,NA
"ASV4645",11,94.595,"Metazoa","Arthropoda","Diplopoda","Spirostreptida","Cambalopsidae",NA,NA
"ASV4839",10,88.496,"Metazoa","Arthropoda",NA,NA,NA,NA,NA
"ASV4697",11,96.875,"Metazoa","Arthropoda","Collembola","Entomobryomorpha","Isotomidae",NA,NA
"ASV4749",10,100,"Metazoa","Arthropoda","Insecta","Lepidoptera","Nymphalidae","Hypothyris","Hypothyris cantobrica"
"ASV4819",10,90.139,"Metazoa","Arthropoda","Insecta",NA,NA,NA,NA
"ASV4779",10,88.043,"Metazoa","Arthropoda",NA,NA,NA,NA,NA
"ASV4708",11,87.2666,"Metazoa","Arthropoda",NA,NA,NA,NA,NA
"ASV5075",9,93.939,"Metazoa","Arthropoda","Insecta","Hymenoptera","Formicidae",NA,NA
"ASV4921",10,88.489,"Metazoa","Arthropoda",NA,NA,NA,NA,NA
"ASV5209",9,97.794,"Metazoa","Arthropoda","Insecta","Diptera","Ceratopogonidae",NA,"Ceratopogonidae sp. sc_07781"
"ASV4923",10,89.423,"Metazoa","Arthropoda","Insecta",NA,NA,NA,NA
"ASV5157",9,89.09375,"Metazoa","Arthropoda","Insecta",NA,NA,NA,NA
"ASV5019",10,100,"Metazoa","Arthropoda","Malacostraca","Amphipoda","Allocrangonyctidae","Pseudoniphargus","Pseudoniphargus brevipedunculatus"
"ASV5194",9,89.474,"Metazoa","Arthropoda","Insecta",NA,NA,NA,NA
"ASV5066",10,99.618,"Metazoa","Arthropoda","Arachnida","Pseudoscorpiones","Geogarypidae","Geogarypus","Geogarypus longidigitatus"
"ASV5134",9,91.026,"Metazoa","Arthropoda","Malacostraca","Cumacea",NA,NA,NA
"ASV4978",10,100,"Metazoa","Arthropoda","Hexanauplia",NA,NA,NA,"Hexanauplia sp."
"ASV4982",10,97.297,"Metazoa","Arthropoda","Insecta","Hymenoptera","Braconidae",NA,NA
"ASV5431",9,92.593,"Metazoa","Arthropoda","Insecta","Orthoptera",NA,NA,NA
"ASV5348",9,95.238,"Metazoa","Arthropoda","Insecta","Hymenoptera","Formicidae","Pheidole",NA
"ASV5430",9,96.875,"Metazoa","Arthropoda","Insecta","Diptera","Chironomidae",NA,NA
"ASV5517",8,95.349,"Metazoa","Arthropoda","Insecta","Lepidoptera","Tortricidae","Acleris",NA
"ASV5321",9,99.5835,"Metazoa","Arthropoda","Insecta","Diptera","Drosophilidae",NA,NA
"ASV5512",8,100,"Metazoa","Arthropoda","Insecta","Coleoptera","Buprestidae","Chrysobothris","Chrysobothris sp. CA14_31.01"
"ASV5332",9,88.2676666666667,"Metazoa","Arthropoda",NA,NA,NA,NA,NA
"ASV5457",8,88.8685,"Metazoa","Arthropoda",NA,NA,NA,NA,NA
"ASV5459",8,100,"Metazoa","Arthropoda","Hexanauplia","Harpacticoida",NA,NA,"Harpacticoida sp. 10BIOBC-01226"
"ASV5515",8,100,"Metazoa","Arthropoda","Insecta","Diptera","Drosophilidae","Dichaetophora","Dichaetophora cyanea"
"ASV5310",9,100,"Metazoa","Arthropoda","Insecta","Hymenoptera","Braconidae","Allobracon","Allobracon sp."
"ASV5343",9,89.908,"Metazoa","Arthropoda","Arachnida",NA,NA,NA,NA
"ASV5543",8,87.179,"Metazoa","Arthropoda",NA,NA,NA,NA,NA
"ASV5610",8,87.143,"Metazoa","Arthropoda",NA,NA,NA,NA,NA
"ASV5722",8,99.9576666666667,"Metazoa","Arthropoda","Insecta","Coleoptera","Curculionidae","Euwallacea",NA
"ASV5660",8,89.773,"Metazoa","Arthropoda","Insecta",NA,NA,NA,NA
"ASV5836",8,87.261,"Metazoa","Arthropoda",NA,NA,NA,NA,NA
"ASV5606",8,90.244,"Metazoa","Arthropoda","Arachnida",NA,NA,NA,NA
"ASV5783",8,93.103,"Metazoa","Arthropoda","Chilopoda","Scolopendromorpha","Cryptopidae",NA,NA
"ASV5815",8,89.286,"Metazoa","Arthropoda","Branchiopoda",NA,NA,NA,NA
"ASV5824",8,93.617,"Metazoa","Arthropoda","Insecta","Hymenoptera","Formicidae",NA,NA
"ASV5720",8,90.278,"Metazoa","Arthropoda","Insecta",NA,NA,NA,NA
"ASV5728",8,95.745,"Metazoa","Arthropoda","Arachnida","Araneae","Theridiidae","Latrodectus",NA
"ASV5558",8,88.4775,"Metazoa","Arthropoda",NA,NA,NA,NA,NA
"ASV5597",8,91.011,"Metazoa","Arthropoda","Malacostraca","Isopoda",NA,NA,NA
"ASV5663",8,100,"Metazoa","Arthropoda","Insecta","Diptera","Cecidomyiidae",NA,"Cecidomyiidae sp. SSPAC461-13"
"ASV5934",7,90.909,"Metazoa","Arthropoda","Insecta",NA,NA,NA,NA
"ASV6042",7,89.231,"Metazoa","Arthropoda","Insecta",NA,NA,NA,NA
"ASV6098",7,88.5953333333333,"Metazoa","Arthropoda",NA,NA,NA,NA,NA
"ASV6171",7,100,"Metazoa","Arthropoda","Insecta","Hemiptera","Aradidae","Brachyrhynchus","Brachyrhynchus membranaceus"
"ASV6157",7,97.727,"Metazoa","Arthropoda","Insecta","Lepidoptera","Erebidae","Zale","Zale declarans"
"ASV5988",7,95.556,"Metazoa","Arthropoda","Insecta","Diptera","Cecidomyiidae",NA,NA
"ASV6161",7,100,"Metazoa","Arthropoda","Arachnida","Opiliones","Phalangiidae","Mitopus","Mitopus morio"
"ASV6126",7,100,"Metazoa","Arthropoda","Arachnida","Opiliones","Phalangiidae","Mitopus","Mitopus morio"
"ASV6088",7,87.5866666666667,"Metazoa","Arthropoda",NA,NA,NA,NA,NA
"ASV6312",7,95.652,"Metazoa","Arthropoda","Insecta","Hymenoptera","Ichneumonidae",NA,NA
"ASV6405",7,99.5906666666667,"Metazoa","Arthropoda","Hexanauplia","Cyclopoida","Cyclopidae","Macrocyclops",NA
"ASV6413",7,100,"Metazoa","Arthropoda","Collembola","Entomobryomorpha","Isotomidae",NA,"Isotomidae sp. DNAS-355-5MGL"
"ASV6404",7,91.935,"Metazoa","Arthropoda","Arachnida","Sarcoptiformes",NA,NA,NA
"ASV6240",7,90.769,"Metazoa","Arthropoda","Malacostraca",NA,NA,NA,NA
"ASV6248",7,93.75,"Metazoa","Arthropoda","Insecta","Coleoptera","Corylophidae",NA,NA
"ASV6335",7,91.026,"Metazoa","Arthropoda","Malacostraca","Cumacea",NA,NA,NA
"ASV6249",7,90.8297777777778,"Metazoa","Arthropoda",NA,NA,NA,NA,NA
"ASV6214",7,89.655,"Metazoa","Arthropoda","Insecta",NA,NA,NA,NA
"ASV6409",7,88.732,"Metazoa","Arthropoda",NA,NA,NA,NA,NA
"ASV6461",6,88.764,"Metazoa","Arthropoda",NA,NA,NA,NA,NA
"ASV6367",7,90.411,"Metazoa","Arthropoda","Insecta",NA,NA,NA,NA
"ASV6417",6,93.443,"Metazoa","Arthropoda","Insecta","Hymenoptera","Diapriidae",NA,NA
"ASV6317",7,89.394,"Metazoa","Arthropoda","Insecta",NA,NA,NA,NA
"ASV6600",6,94.444,"Metazoa","Arthropoda","Insecta","Coleoptera","Staphylinidae",NA,NA
"ASV6732",6,87.38,"Metazoa","Arthropoda",NA,NA,NA,NA,NA
"ASV6810",6,92.593,"Metazoa","Arthropoda","Insecta","Hymenoptera",NA,NA,NA
"ASV6738",6,87.879,"Metazoa","Arthropoda",NA,NA,NA,NA,NA
"ASV6799",6,100,"Metazoa","Arthropoda","Insecta","Coleoptera","Curculionidae","Xyleborinus","Xyleborinus saxesenii"
"ASV6556",6,91.818,"Metazoa","Arthropoda","Arachnida",NA,NA,NA,NA
"ASV6779",6,90.441,"Metazoa","Arthropoda","Collembola",NA,NA,NA,NA
"ASV6759",6,89.831,"Metazoa","Arthropoda","Arachnida",NA,NA,NA,NA
"ASV6543",6,91.538,"Metazoa","Arthropoda","Insecta","Diptera",NA,NA,NA
"ASV6663",6,91.525,"Metazoa","Arthropoda","Arachnida","Araneae",NA,NA,NA
"ASV6555",6,89.61,"Metazoa","Arthropoda","Insecta",NA,NA,NA,NA
"ASV6752",6,88.136,"Metazoa","Arthropoda",NA,NA,NA,NA,NA
"ASV7095",5,89.231,"Metazoa","Arthropoda","Insecta",NA,NA,NA,NA
"ASV7011",6,89.855,"Metazoa","Arthropoda","Insecta",NA,NA,NA,NA
"ASV7007",6,87.597,"Metazoa","Arthropoda",NA,NA,NA,NA,NA
"ASV6952",6,89.362,"Metazoa","Arthropoda","Insecta",NA,NA,NA,NA
"ASV7020",6,90.698,"Metazoa","Arthropoda","Insecta",NA,NA,NA,NA
"ASV6980",6,93.8728571428571,"Metazoa","Arthropoda","Insecta","Coleoptera",NA,NA,NA
"ASV7050",5,89.216,"Metazoa","Arthropoda","Insecta",NA,NA,NA,NA
"ASV6909",6,92.994,"Metazoa","Arthropoda","Malacostraca","Cumacea",NA,NA,NA
"ASV7086",5,91.468,"Metazoa","Arthropoda","Arachnida","Trombidiformes",NA,NA,NA
"ASV7017",6,97.297,"Metazoa","Arthropoda","Insecta","Hymenoptera","Braconidae",NA,NA
"ASV6978",6,89.4658888888889,"Metazoa","Arthropoda",NA,NA,NA,NA,NA
"ASV7148",5,88.327,"Metazoa","Arthropoda",NA,NA,NA,NA,NA
"ASV7220",5,88.054,"Metazoa","Arthropoda",NA,NA,NA,NA,NA
"ASV7121",5,89.412,"Metazoa","Arthropoda","Insecta",NA,NA,NA,NA
"ASV7430",5,90,"Metazoa","Arthropoda","Malacostraca",NA,NA,NA,NA
"ASV7153",5,98.377,"Metazoa","Arthropoda","Collembola","Entomobryomorpha","Entomobryidae",NA,"Entomobryidae sp. 3 PMP-2017"
"ASV7118",5,89.60925,"Metazoa","Arthropoda","Arachnida",NA,NA,NA,NA
"ASV7262",5,92.857,"Metazoa","Arthropoda","Insecta","Hymenoptera",NA,NA,NA
"ASV7160",5,92.857,"Metazoa","Arthropoda","Hexanauplia","Harpacticoida",NA,NA,NA
"ASV7151",5,100,"Metazoa","Arthropoda","Insecta","Hymenoptera","Vespidae","Zethus","Zethus angulatus"
"ASV7280",5,90.441,"Metazoa","Arthropoda","Collembola",NA,NA,NA,NA
"ASV7397",5,100,"Metazoa","Arthropoda","Diplopoda","Spirobolida",NA,NA,NA
"ASV7406",5,97.143,"Metazoa","Arthropoda","Arachnida","Trombidiformes","Diptilomiopidae","Brevulacus","Brevulacus reticulatus"
"ASV7381",5,92.5,"Metazoa","Arthropoda","Insecta","Diptera",NA,NA,NA
"ASV7337",5,95.652,"Metazoa","Arthropoda","Insecta","Hymenoptera","Braconidae","Perilitus",NA
"ASV7423",5,90.476,"Metazoa","Arthropoda","Arachnida",NA,NA,NA,NA
"ASV7213",5,87.164,"Metazoa","Arthropoda",NA,NA,NA,NA,NA
"ASV7533",5,88.966,"Metazoa","Arthropoda",NA,NA,NA,NA,NA
"ASV7722",5,100,"Metazoa","Arthropoda","Arachnida","Sarcoptiformes",NA,NA,NA
"ASV7519",5,100,"Metazoa","Arthropoda","Hexanauplia","Harpacticoida",NA,NA,"Harpacticoida sp. 10BIOBC-01226"
"ASV7638",5,92.683,"Metazoa","Arthropoda","Arachnida","Sarcoptiformes",NA,NA,NA
"ASV7486",5,95.349,"Metazoa","Arthropoda","Insecta","Lepidoptera","Tortricidae","Argyrotaenia",NA
"ASV7592",5,92.0406666666667,"Metazoa","Arthropoda","Insecta","Coleoptera",NA,NA,NA
"ASV7596",5,92.337,"Metazoa","Arthropoda","Insecta","Coleoptera",NA,NA,NA
"ASV7623",5,96.875,"Metazoa","Arthropoda","Arachnida","Araneae","Agelenidae","Aeolocoelotes",NA
"ASV7720",5,92.308,"Metazoa","Arthropoda","Insecta","Hymenoptera",NA,NA,NA
"ASV7455",5,89.189,"Metazoa","Arthropoda","Insecta",NA,NA,NA,NA
"ASV7588",5,89.61,"Metazoa","Arthropoda","Insecta",NA,NA,NA,NA
"ASV7643",5,93.023,"Metazoa","Arthropoda","Insecta","Diptera","Cecidomyiidae",NA,NA
"ASV7662",5,93.333,"Metazoa","Arthropoda","Insecta","Diptera","Ceratopogonidae",NA,NA
"ASV7640",5,93.197,"Metazoa","Arthropoda","Insecta","Hemiptera",NA,NA,NA
"ASV7877",4,91.525,"Metazoa","Arthropoda","Insecta","Lepidoptera",NA,NA,NA
"ASV8007",4,91.489,"Metazoa","Arthropoda","Arachnida","Araneae",NA,NA,NA
"ASV8009",4,100,"Metazoa","Arthropoda","Insecta","Trichoptera","Hydroptilidae","Metrichia","Metrichia amplitudinis"
"ASV7993",4,97.143,"Metazoa","Arthropoda","Malacostraca","Decapoda","Cambaridae","Orconectes","Orconectes barri"
"ASV7882",4,87.898,"Metazoa","Arthropoda",NA,NA,NA,NA,NA
"ASV8144",4,100,"Metazoa","Arthropoda",NA,NA,NA,NA,NA
"ASV8041",4,95.556,"Metazoa","Arthropoda","Arachnida","Araneae","Archaeidae","Austrarchaea",NA
"ASV7787",4,92,"Metazoa","Arthropoda","Insecta","Coleoptera",NA,NA,NA
"ASV7917",4,100,"Metazoa","Arthropoda","Insecta","Hymenoptera",NA,NA,NA
"ASV7896",4,96.552,"Metazoa","Arthropoda","Arachnida","Araneae","Dysderidae","Parachtes",NA
"ASV7957",4,100,"Metazoa","Arthropoda","Remipedia","Nectiopoda","Speleonectidae","Lasionectes","Lasionectes exleyi"
"ASV8208",4,88.235,"Metazoa","Arthropoda",NA,NA,NA,NA,NA
"ASV8454",4,87.77,"Metazoa","Arthropoda",NA,NA,NA,NA,NA
"ASV8234",4,96.875,"Metazoa","Arthropoda","Insecta","Hymenoptera",NA,NA,NA
"ASV8465",4,89.062,"Metazoa","Arthropoda","Insecta",NA,NA,NA,NA
"ASV8369",4,100,"Metazoa","Arthropoda","Insecta","Ephemeroptera","Baetidae","Baetis",NA
"ASV8431",4,99.51,"Metazoa","Arthropoda","Insecta","Hymenoptera","Formicidae","Technomyrmex","Technomyrmex vitiensis"
"ASV8311",4,100,"Metazoa","Arthropoda","Insecta",NA,NA,NA,NA
"ASV8373",4,94.286,"Metazoa","Arthropoda","Malacostraca","Decapoda","Penaeidae",NA,NA
"ASV8269",4,90.64,"Metazoa","Arthropoda","Arachnida",NA,NA,NA,NA
"ASV8145",4,90.698,"Metazoa","Arthropoda","Insecta",NA,NA,NA,NA
"ASV8383",4,97.143,"Metazoa","Arthropoda","Insecta","Coleoptera","Dytiscidae","Hydroporus","Hydroporus sp. IBE<ESP> AV45"
"ASV8220",4,97.436,"Metazoa","Arthropoda","Diplopoda","Sphaerotheriida","Sphaerotheriidae","Zoosphaerium","Zoosphaerium sp. 4 TW-2021"
"ASV8416",4,100,"Metazoa","Arthropoda","Insecta","Phthiraptera","Menoponidae","Myrsidea","Myrsidea seminuda"
"ASV8212",4,100,"Metazoa","Arthropoda","Arachnida","Araneae","Leptonetidae","Longileptoneta","Longileptoneta jangseongensis"
"ASV8360",4,88.158,"Metazoa","Arthropoda",NA,NA,NA,NA,NA
"ASV8222",4,96,"Metazoa","Arthropoda","Insecta","Coleoptera","Carabidae","Cyclotrachelus",NA
"ASV8242",4,92.754,"Metazoa","Arthropoda","Ostracoda","Podocopida",NA,NA,NA
"ASV8784",3,88.0794444444444,"Metazoa","Arthropoda",NA,NA,NA,NA,NA
"ASV8519",4,99.464,"Metazoa","Arthropoda","Collembola","Entomobryomorpha","Entomobryidae",NA,"Entomobryidae sp. sc_04935"
"ASV8738",3,88.432,"Metazoa","Arthropoda",NA,NA,NA,NA,NA
"ASV8560",3,96.2963333333333,"Metazoa","Arthropoda","Insecta","Coleoptera",NA,NA,NA
"ASV8818",3,95.833,"Metazoa","Arthropoda","Insecta","Diptera","Cecidomyiidae",NA,NA
"ASV8646",3,92.982,"Metazoa","Arthropoda","Insecta","Diptera",NA,NA,NA
"ASV8734",3,87.692,"Metazoa","Arthropoda",NA,NA,NA,NA,NA
"ASV8821",3,97.778,"Metazoa","Arthropoda","Insecta","Hymenoptera","Formicidae","Megalomyrmex","Megalomyrmex sp. AEV4231"
"ASV8640",3,87.5475,"Metazoa","Arthropoda",NA,NA,NA,NA,NA
"ASV8524",4,97.368,"Metazoa","Arthropoda","Insecta","Coleoptera","Curculionidae",NA,NA
"ASV8582",3,93.617,"Metazoa","Arthropoda","Insecta","Hymenoptera","Agaonidae",NA,NA
"ASV8639",3,94.286,"Metazoa","Arthropoda","Insecta","Diptera","Cecidomyiidae",NA,NA
"ASV8562",3,87.2333333333333,"Metazoa","Arthropoda",NA,NA,NA,NA,NA
"ASV8760",3,100,"Metazoa","Arthropoda","Insecta","Phasmatodea","Timematidae","Timema","Timema bartmani"
"ASV8540",3,87.302,"Metazoa","Arthropoda",NA,NA,NA,NA,NA
"ASV8778",3,100,"Metazoa","Arthropoda","Insecta","Hymenoptera","Braconidae","Opius","Opius sp."
"ASV8823",3,97.143,"Metazoa","Arthropoda","Insecta","Hemiptera","Reduviidae","Sirthenea","Sirthenea nitida"
"ASV8756",3,100,"Metazoa","Arthropoda","Insecta","Coleoptera","Chrysomelidae","Isotes","Isotes sp. JJG145"
"ASV8528",4,88.679,"Metazoa","Arthropoda",NA,NA,NA,NA,NA
"ASV8678",3,89.706,"Metazoa","Arthropoda","Arachnida",NA,NA,NA,NA
"ASV8607",3,91.379,"Metazoa","Arthropoda","Arachnida","Sarcoptiformes",NA,NA,NA
"ASV8601",3,88.235,"Metazoa","Arthropoda",NA,NA,NA,NA,NA
"ASV9035",3,92.308,"Metazoa","Arthropoda",NA,NA,NA,NA,NA
"ASV8936",3,100,"Metazoa","Arthropoda","Insecta","Hemiptera","Cicadellidae","Sophonia","Sophonia orientalis"
"ASV8866",3,95.238,"Metazoa","Arthropoda","Insecta","Hymenoptera","Platygastridae","Synopeas",NA
"ASV8930",3,89.051,"Metazoa","Arthropoda","Insecta",NA,NA,NA,NA
"ASV8906",3,93.8728571428571,"Metazoa","Arthropoda","Insecta","Coleoptera",NA,NA,NA
"ASV8966",3,95.89,"Metazoa","Arthropoda","Arachnida","Sarcoptiformes","Haplozetidae",NA,NA
"ASV8937",3,90.476,"Metazoa","Arthropoda","Insecta",NA,NA,NA,NA
"ASV9028",3,88.571,"Metazoa","Arthropoda",NA,NA,NA,NA,NA
"ASV9033",3,92.373,"Metazoa","Arthropoda","Insecta","Blattodea",NA,NA,NA
"ASV9362",2,100,"Metazoa","Arthropoda","Insecta","Hymenoptera","Crabronidae",NA,NA
"ASV9212",3,99.594,"Metazoa","Arthropoda","Insecta","Diptera","Sciaridae",NA,NA
"ASV9274",3,89.655,"Metazoa","Arthropoda","Insecta",NA,NA,NA,NA
"ASV9407",2,100,"Metazoa","Arthropoda","Insecta","Hymenoptera",NA,NA,NA
"ASV9310",3,87.097,"Metazoa","Arthropoda",NA,NA,NA,NA,NA
"ASV9210",3,99.608,"Metazoa","Arthropoda","Arachnida","Araneae","Theridiidae","Coleosoma","Coleosoma floridanum"
"ASV9416",2,90.196,"Metazoa","Arthropoda","Insecta",NA,NA,NA,NA
"ASV9413",2,90.0086666666667,"Metazoa","Arthropoda",NA,NA,NA,NA,NA
"ASV9316",3,89.431,"Metazoa","Arthropoda","Insecta",NA,NA,NA,NA
"ASV9283",3,89.231,"Metazoa","Arthropoda","Arachnida",NA,NA,NA,NA
"ASV9337",3,89.062,"Metazoa","Arthropoda","Insecta",NA,NA,NA,NA
"ASV9322",3,87.963,"Metazoa","Arthropoda",NA,NA,NA,NA,NA
"ASV9171",3,94.286,"Metazoa","Arthropoda","Malacostraca","Isopoda","Asellidae",NA,NA
"ASV9396",2,94.872,"Metazoa","Arthropoda","Insecta","Lepidoptera","Elachistidae",NA,NA
"ASV9341",3,88.182,"Metazoa","Arthropoda",NA,NA,NA,NA,NA
"ASV9243",3,88.5978,"Metazoa","Arthropoda",NA,NA,NA,NA,NA
"ASV9219",3,89.157,"Metazoa","Arthropoda","Insecta",NA,NA,NA,NA
"ASV9563",2,89.552,"Metazoa","Arthropoda","Insecta",NA,NA,NA,NA
"ASV9535",2,97.917,"Metazoa","Arthropoda","Malacostraca","Amphipoda","Hyalidae",NA,NA
"ASV9710",2,100,"Metazoa","Arthropoda","Insecta","Diptera","Simuliidae","Simulium",NA
"ASV9704",2,94.444,"Metazoa","Arthropoda","Arachnida","Araneae",NA,NA,NA
"ASV9457",2,90.0086666666667,"Metazoa","Arthropoda",NA,NA,NA,NA,NA
"ASV9467",2,89.431,"Metazoa","Arthropoda","Insecta",NA,NA,NA,NA
"ASV9483",2,100,"Metazoa","Arthropoda","Arachnida","Pseudoscorpiones","Neobisiidae",NA,"Microcreagrinae sp. UAIC<USA-AZ> 1113014"
"ASV9696",2,96.429,"Metazoa","Arthropoda","Collembola","Entomobryomorpha","Isotomidae","Parisotoma",NA
"ASV9709",2,92.453,"Metazoa","Arthropoda","Arachnida","Sarcoptiformes",NA,NA,NA
"ASV9601",2,91.045,"Metazoa","Arthropoda","Insecta","Coleoptera",NA,NA,NA
"ASV9741",2,96.875,"Metazoa","Arthropoda","Arachnida","Araneae","Agelenidae","Aeolocoelotes",NA
"ASV9800",2,87.075,"Metazoa","Arthropoda",NA,NA,NA,NA,NA
"ASV9830",2,100,"Metazoa","Arthropoda","Insecta","Hymenoptera","Braconidae",NA,NA
"ASV9820",2,100,"Metazoa","Arthropoda","Arachnida","Sarcoptiformes","Carabodidae",NA,"Carabodidae sp. BIOUG24219-G04"
"ASV9883",2,91.176,"Metazoa","Arthropoda","Diplopoda","Glomerida",NA,NA,NA
"ASV9903",2,89.423,"Metazoa","Arthropoda","Insecta",NA,NA,NA,NA
"ASV9777",2,94.444,"Metazoa","Arthropoda","Malacostraca","Amphipoda","Uristidae",NA,NA
"ASV9821",2,93.478,"Metazoa","Arthropoda","Malacostraca","Amphipoda","Gammaridae",NA,NA
"ASV9940",2,88.732,"Metazoa","Arthropoda",NA,NA,NA,NA,NA
"ASV9873",2,100,"Metazoa","Arthropoda","Insecta","Hymenoptera","Dryinidae","Aphelopus","Aphelopus atratus"
"ASV9845",2,91.489,"Metazoa","Arthropoda","Arachnida","Araneae",NA,NA,NA
"ASV9938",2,100,"Metazoa","Arthropoda","Protura",NA,NA,NA,"Protura sp."
